[1,["ecpdLyjvZBwrvm+cedCcQy","7a/QZLET9IDreTiBfRn2PD","e7q6FL+VZEgLJUjVeDLic/","23jwNmaqlHnIwWGLNsSPBH","74TSz2gdZBC7WJgwhw7cjw","055htDzXJBOaCGlgdlWARV","d2D3cn+IZPW7EeOfWHIQkk","0cCtP8t8hNiqLH+zMBvJUW","c9O5Eo8xFCX6Dy5QVBK0VQ","42XSdo9vpMV7RrTqql9bDt","ffDpHHVcZAhqOfy25Fe4w7","29FYIk+N1GYaeWH/q1NxQO","71VhFCTINJM6/Ky3oX9nBT","9doIT4uNRHSLoxMWZuwtPI","f4nIjUJnJMwJXAB6twMM0F","704HqM/0VHPqgyHwqxV+yX","56fc2Ai/RFNYpaMT8crweK","ed0hW5J5ZKBar1gflskoHO"],["node","_textureSetter","_spriteFrame","_parent","_N$background","_N$placeholderLabel","_N$textLabel","_N$handle","scene","_N$skeletonData","_normalMaterial","_N$normalSprite","_N$pressedSprite","_N$hoverSprite","_N$disabledSprite"],[["cc.Node",["_name","_active","_id","_objFlags","_contentSize","_parent","_components","_trs","_children","_anchorPoint"],-1,5,1,9,7,2,5],"cc.Texture2D","cc.SpriteFrame",["cc.Sprite",["_sizeMode","_type","_enabled","_fillRange","node","_materials","_spriteFrame"],-1,1,3,6],["cc.Widget",["_alignFlags","_originalWidth","_originalHeight","alignMode","_bottom","_left","node"],-3,1],["cc.Label",["_fontSize","_N$verticalAlign","_lineHeight","_N$horizontalAlign","_isSystemFontUsed","_styleFlags","_string","_enableWrapText","_N$overflow","node","_materials"],-6,1,3],["cc.Node",["_name","_active","_parent","_components","_contentSize","_trs","_anchorPoint","_color"],1,1,12,5,7,5,5],["sp.Skeleton",["defaultSkin","_preCacheMode","premultipliedAlpha","defaultAnimation","_animationName","node","_materials","_N$skeletonData"],-2,1,3,6],["sp.SkeletonData",["_name","_atlasText","textureNames","_skeletonJson","textures"],-1,3],["cc.SceneAsset",["_name","asyncLoadAssets"],1],["cc.Node",["_name","_parent","_children","_components","_contentSize","_trs"],2,1,12,9,5,7],["cc.Canvas",["_fitWidth","_fitHeight","node","_designResolution"],1,1,5],["d36e6QqFLtP2bEo6GdVatmR",["node"],3,1],["cc.EditBox",["_string","maxLength","_N$inputMode","node","_N$textLabel","_N$placeholderLabel","_N$background"],0,1,1,1,1],["cc.Slider",["_N$progress","node","_N$handle"],2,1,1],["cc.Scene",["_name","_active","_children","_anchorPoint","_trs"],1,2,5,7],["cc.Camera",["_clearFlags","_depth","node"],1,1],["cc.Button",["zoomScale","_N$enableAutoGrayEffect","_N$transition","node","_N$pressedColor","_N$disabledColor","_N$target"],0,1,5,5,1]],[[0,0,1,5,6,4,7,3],[0,0,5,6,4,7,2],[0,0,5,6,4,2],[6,0,1,2,3,4,5,3],[4,0,4,6,3],[4,0,1,2,6,4],[4,3,0,5,1,2,6,6],[3,0,4,5,2],[3,4,5,1],[8,0,1,2,3,4,5],[9,0,1,3],[0,0,2,8,6,4,7,3],[0,0,5,8,6,4,7,2],[0,0,5,8,6,4,9,7,2],[0,0,5,8,6,4,2],[0,0,3,5,4,3],[0,0,5,6,7,2],[0,0,1,5,8,4,7,3],[10,0,1,2,3,4,5,2],[6,0,2,3,4,6,5,2],[6,0,1,2,3,7,4,6,5,3],[11,0,1,2,3,3],[4,0,6,2],[4,3,0,1,2,6,5],[12,0,1],[3,2,0,4,5,6,3],[3,0,4,5,6,2],[3,1,0,4,5,6,3],[3,1,0,4,5,3],[3,1,0,3,4,5,6,4],[13,0,1,2,3,4,5,6,4],[14,0,1,2,2],[5,0,2,4,5,3,1,9,10,7],[5,6,0,2,7,3,1,8,9,10,8],[5,0,2,7,1,8,9,10,6],[5,6,0,4,5,3,1,9,10,7],[15,0,1,2,3,4,3],[16,0,1,2,3],[7,0,1,2,5,6,7,4],[7,0,3,1,4,5,6,5],[7,0,3,1,2,4,5,6,6],[17,0,1,2,3,4,5,6,4]],[[[[9,"EffectLogo","\nEffectLogo.png\nsize: 777,775\nformat: RGBA8888\nfilter: Linear,Linear\nrepeat: none\n1\n  rotate: false\n  xy: 2, 15\n  size: 430, 309\n  orig: 430, 309\n  offset: 0, 0\n  index: -1\n2\n  rotate: true\n  xy: 466, 343\n  size: 430, 309\n  orig: 430, 309\n  offset: 0, 0\n  index: -1\nBlur\n  rotate: true\n  xy: 434, 146\n  size: 178, 134\n  orig: 178, 134\n  offset: 0, 0\n  index: -1\nLight\n  rotate: false\n  xy: 434, 24\n  size: 131, 120\n  orig: 131, 120\n  offset: 0, 0\n  index: -1\nefWin\n  rotate: false\n  xy: 2, 326\n  size: 462, 447\n  orig: 462, 447\n  offset: 0, 0\n  index: -1\n",["EffectLogo.png"],{"skeleton":{"hash":"AyWi4pivKb8xR3EOWJxFzP14t74","spine":"3.7.93","width":475.42,"height":447,"images":"","audio":""},"bones":[{"name":"root"},{"name":"bone","parent":"root"},{"name":"bone2","parent":"root"},{"name":"bone3","parent":"root"},{"name":"bone4","parent":"root"},{"name":"bone5","parent":"root","x":-85.21,"y":45.95},{"name":"MASK","parent":"root","x":-270.11,"y":-26.42},{"name":"bone6","parent":"root","x":-178.92,"y":16.17},{"name":"bone7","parent":"root","x":147.26,"y":-71.55},{"name":"bone8","parent":"root","x":-30.97,"y":-67.66}],"slots":[{"name":"efWin","bone":"bone4","attachment":"efWin"},{"name":"1","bone":"bone","attachment":"1"},{"name":"2","bone":"bone2","attachment":"2"},{"name":"Light","bone":"bone5","attachment":"Light"},{"name":"Light2","bone":"bone6","attachment":"Light"},{"name":"Light3","bone":"bone7","attachment":"Light"},{"name":"Light4","bone":"bone8","attachment":"Light"},{"name":"MASK","bone":"MASK","attachment":"MASK"},{"name":"Blur","bone":"bone3","attachment":"Blur"}],"skins":{"default":{"1":{"1":{"width":430,"height":309}},"2":{"2":{"width":430,"height":309}},"Blur":{"Blur":{"x":-247.83,"y":-5.62,"width":178,"height":134}},"Light":{"Light":{"width":131,"height":120}},"Light2":{"Light":{"width":131,"height":120}},"Light3":{"Light":{"width":131,"height":120}},"Light4":{"Light":{"width":131,"height":120}},"MASK":{"MASK":{"type":"clipping","end":"MASK","vertexCount":166,"color":"ce3a3a00","vertices":[223.14,55.8,224.51,47.62,223.56,43.56,225.71,41.25,228.73,39.73,222.4,36.91,215.02,31.37,213.93,31.4,207.14,22.76,204.53,14.54,202.78,1.89,201.15,5.26,189.27,20.97,186.35,22.17,178.32,12.6,166.93,12.5,165.11,11.6,159.81,2.09,161.22,-0.88,163.77,-4.4,166.24,-4.53,160.49,-15.1,149.55,-14.67,143.35,-4.95,143.34,4.11,145.5,11.81,149.83,20.72,152.24,24.54,156.06,28.5,159.8,32.41,165.95,35.87,171.29,37.18,176.85,38.15,183.29,36.99,189.88,33.87,193.11,29.57,195.79,24.41,199.06,23.14,203.77,23.32,206.27,25.3,209.24,27.24,212.58,31.88,213.4,35.63,213.5,40.6,212.28,46.71,208.03,53.18,204.15,55.76,198.41,57.42,191.39,58.9,184.73,59.46,177.52,59.27,169.75,58.72,159.96,56.8,151.41,54.36,144.23,51.01,136.08,44.78,126.11,33.86,118.53,22.52,113.8,7.45,113.19,-5.53,116.85,-18.1,122.13,-26.14,128.52,-32.56,136.34,-35.38,147.52,-37.11,159.02,-38.05,181.38,-34.27,183.97,-32.18,194.98,-9.14,195.61,-5.5,201.35,-4.79,203.35,-3.77,204.08,-8.81,203.78,-14.19,207.52,-23,212.81,-29.79,215.58,-29.95,221.66,-34.39,228.71,-38.33,232.33,-40.06,242.43,-41.19,250.18,-39.87,258.97,-36.43,264.33,-33.39,268.96,-29.8,271.25,-28.75,275.56,-22.92,279.37,-15.51,279.41,-12.71,279.12,-9.87,280.53,-3.22,280.77,5.65,280.39,11.64,278.23,18.68,291.37,21.38,292.34,17.5,295.9,13.57,289.02,8.18,284.28,-18.99,285.79,-24.24,293.71,-35.84,333.61,-36.21,347.13,-25.44,353.28,3.11,351.76,7.2,355.69,7.32,350.76,-21.45,360.48,-36.06,400.92,-35.84,414.68,-25.16,420.23,1.44,418.94,7.53,415.79,11.78,422.08,16.76,427.44,43.91,425.78,49.27,417.64,61.27,377.88,61.09,364.38,50.19,358.84,21.57,359.96,17.14,362.25,13.85,355.6,7.62,351.25,7.53,348.1,11.82,355.32,17.5,360.5,45.21,359.21,48.9,351.07,60.53,310.31,60.35,296.99,49.64,291.26,21.57,284.28,20.19,278.13,18.98,270.95,30.89,273.97,32.79,274.95,35.93,283.86,45.39,282.77,45.92,275.24,45.36,273.26,45.57,272.89,48.01,274.89,54.7,273.53,55.16,268.71,51.3,266.01,49.47,262.27,49.3,259.9,52.92,258.31,57.31,257.39,62.79,257.07,67.04,256.17,67.92,254.59,67.74,251.75,63.13,249.53,60.32,246.15,57.57,243.31,55.89,240.63,57.35,238.14,59.44,236.21,61.08,234.72,63.19,233.22,62.86,231.42,57.75,229.72,55.6,227.44,55.61,224.18,57.21]}},"efWin":{"efWin":{"width":462,"height":447}}}},"animations":{"animation":{"slots":{"2":{"color":[{"time":0,"color":"ffffff00","curve":"stepped"},{"time":1,"color":"ffffff00"},{"time":1.3333,"color":"ffffffff"},{"time":1.6667,"color":"ffffff00"}]},"Light":{"color":[{"time":0,"color":"ffffffab"},{"time":0.3667,"color":"ffffffff"}]},"Light2":{"color":[{"time":0.5667,"color":"ffffffab"},{"time":0.9333,"color":"ffffffff"}]},"Light3":{"color":[{"time":1.3,"color":"ffffffab"},{"time":1.6667,"color":"ffffffff"}]},"Light4":{"color":[{"time":1.9,"color":"ffffffab"},{"time":2.2667,"color":"ffffffff"}]}},"bones":{"bone4":{"rotate":[{"time":0,"angle":0},{"time":3,"angle":90.3}],"scale":[{"time":0,"x":0.6,"y":0.6},{"time":0.5,"x":1,"y":1},{"time":0.9333,"x":0.8,"y":0.8},{"time":1.3333,"x":1,"y":1},{"time":1.9,"x":0.8,"y":0.8},{"time":2.5,"x":1,"y":1},{"time":3,"x":0.6,"y":0.6}]},"bone5":{"rotate":[{"time":0,"angle":0},{"time":0.7667,"angle":96}],"scale":[{"time":0,"x":0,"y":0},{"time":0.3667,"x":1.1,"y":1.1},{"time":0.7667,"x":0,"y":0}]},"bone3":{"translate":[{"time":0.6333,"x":0,"y":0},{"time":1.3667,"x":504.79,"y":0}]},"bone6":{"rotate":[{"time":0.5667,"angle":0},{"time":1.3333,"angle":96}],"scale":[{"time":0,"x":0,"y":0,"curve":"stepped"},{"time":0.5667,"x":0,"y":0},{"time":0.9333,"x":1.1,"y":1.1},{"time":1.3333,"x":0,"y":0}]},"bone7":{"rotate":[{"time":1.3,"angle":0},{"time":2.0667,"angle":96}],"scale":[{"time":0,"x":0,"y":0,"curve":"stepped"},{"time":1.3,"x":0,"y":0},{"time":1.6667,"x":1.1,"y":1.1},{"time":2.0667,"x":0,"y":0}]},"bone8":{"rotate":[{"time":1.9,"angle":0},{"time":2.6667,"angle":96}],"scale":[{"time":0,"x":0,"y":0,"curve":"stepped"},{"time":1.9,"x":0,"y":0},{"time":2.2667,"x":1.1,"y":1.1},{"time":2.6667,"x":0,"y":0}]}}}}},[0]]],0,0,[0],[-1],[3]],[[{"name":"thanh_load","rect":[0,0,737,10],"offset":[0,0],"originalSize":[737,10],"capInsets":[0,0,0,0]}],[2],0,[0],[1],[4]],[[[10,"Splash",null],[11,"Canvas","d4GmlnA4lDI7yNFulvsP6z",[-4,-5,-6,-7,-8,-9,-10],[[21,true,false,-1,[5,1560,720]],[22,45,-2],[24,-3]],[5,1560,720],[780,360,0,0,0,0,1,1,1,1]],[12,"progress_bg",1,[-13,-14,-15,-16,-17,-18,-19],[[25,false,0,-11,[19],20],[4,4,114.50399999999999,-12]],[5,672,75],[0,-207.996,0,0,0,0,1,1,1,1]],[13,"Version",1,[-24,-25,-26],[[30,"Version:",8,6,-23,-22,-21,-20]],[5,160,40],[0,1,0],[723.361,-313.435,0,0,0,0,1,1,1,1]],[14,"bg2",1,[-29],[[26,0,-27,[3],4],[5,45,1560,720,-28]],[5,1560,720]],[18,"New Slider",2,[[[15,"Background",512,-32,[5,300,20]],-33],4,1],[[31,1,-31,-30]],[5,600,43],[0,6,0,0,0,0,1,1,1,1]],[3,"Handle",false,5,[[[27,1,0,-34,[14],15],-35],4,1],[5,125.3333333,54],[300,0,0,0,0,0,1,1,1,0]],[2,"mobile-lobby-bg",1,[[7,0,-36,[0]],[5,45,1560,720,-37]],[5,1560,720]],[3,"BACKGROUND_SPRITE",false,3,[[-38,[23,0,45,160,40,-39]],1,4],[5,160,40],[-80,20,0,0,0,0,1,1,1,1]],[19,"TEXT_LABEL",3,[[-40,[6,0,45,2,158,40,-41]],1,4],[5,158,40],[0,0,1],[-158,40,0,0,0,0,1,1,1,1]],[20,"PLACEHOLDER_LABEL",false,3,[[-42,[6,0,45,2,158,40,-43]],1,4],[4,4290493371],[5,158,40],[0,0,1],[-158,40,0,0,0,0,1,1,1,1]],[0,"lbTips",false,2,[[32,25,25,false,3,1,1,-44,[13]],[4,4,-18.066000000000003,-45]],[5,5.313914035497251,31.5],[0,-39.816,0,0,0,0,1,1,1,0.6]],[36,"New Node",false,[1],[0,0,0],[0,0,0,0,0,0,1,1,1,1]],[16,"Main Camera",1,[[37,7,-1,-46]],[0,0,359.4005425705421,0,0,0,1,1,1,1]],[2,"EffectLogo",4,[[38,"default",0,false,-47,[1],2]],[5,475.42,447]],[0,"Loading",false,1,[[8,-48,[5]]],[5,185,54],[0,-232.69,0,0,0,0,1,1,1,1]],[17,"logogo88",false,1,[-49],[5,464,449],[-7.079,0,0,0,0,0,1,1,1,1]],[1,"logogo88",16,[[39,"default","animation",0,"animation",-50,[6]]],[5,475.42,447],[0,47.853,0,0,0,0,1,1,1,1]],[28,1,0,8,[7]],[33,"Version:",20,25,false,2,1,1,9,[8]],[34,20,25,false,1,1,10,[9]],[1,"progress_fg",2,[[29,3,0,1,-51,[10],11]],[5,750,15],[1.129,7.712,0,0,0,0,1,1,1,1]],[1,"LabelProgress",2,[[35,"Loading",25,false,3,1,1,-52,[12]]],[5,102.51391403549725,50.4],[0,39.332,0,0,0,0,1,0.6,0.6,0.6]],[41,1.1,true,3,6,[4,4294967295],[4,4294967295],6],[0,"bansd",false,2,[[8,-53,[16]]],[5,87,86],[668.75,-72.5,0,0,0,0,1,1,1,1]],[1,"EffectLogo",2,[[40,"default","animation",0,false,"animation",-54,[17]]],[5,475.42,447],[0,221,0,0,0,0,1,1,1,1]],[0,"logongoai",false,2,[[7,0,-55,[18]]],[5,250,250],[-1.907,262.883,0,0,0,0,1,1,1,1]]],0,[0,0,1,0,0,1,0,0,1,0,-1,7,0,-2,13,0,-3,4,0,-4,15,0,-5,16,0,-6,3,0,-7,2,0,0,2,0,0,2,0,-1,21,0,-2,22,0,-3,11,0,-4,5,0,-5,24,0,-6,25,0,-7,26,0,4,18,0,5,20,0,6,19,0,0,3,0,-1,8,0,-2,9,0,-3,10,0,0,4,0,0,4,0,-1,14,0,7,23,0,0,5,0,3,5,0,-2,6,0,0,6,0,-2,23,0,0,7,0,0,7,0,-1,18,0,0,8,0,-1,19,0,0,9,0,-1,20,0,0,10,0,0,11,0,0,11,0,0,13,0,0,14,0,0,15,0,-1,17,0,0,17,0,0,21,0,0,22,0,0,24,0,0,25,0,0,26,0,8,12,1,3,12,55],[0,0,0,0,0,0,0,0,0,0,0,0,0,0,0,0,0,0,0,0,0,18,23,23,23,23,23],[-1,-1,9,-1,2,-1,-1,-1,-1,-1,-1,2,-1,-1,-1,2,-1,-1,-1,-1,2,2,10,11,12,13,14],[0,1,5,0,6,0,1,0,0,0,0,7,0,0,0,8,0,1,0,0,9,10,0,2,2,2,11]],[["0,9729,9729,33071,33071,0,0,1",-1],[1],0,[],[],[]],[[{"name":"default_btn_disabled","rect":[0,0,40,40],"offset":[0,0],"originalSize":[40,40],"capInsets":[12,12,12,12]}],[2],0,[0],[1],[12]],[[{"name":"progress","rect":[0,0,1038,132],"offset":[0,0],"originalSize":[1038,132],"capInsets":[0,0,0,0]}],[2],0,[0],[1],[13]],[["0,9729,9729,33071,33071,0,0,1",-1],[1],0,[],[],[]],[["0,9729,9729,33071,33071,0,0,1",-1],[1],0,[],[],[]],[["0,9729,9729,33071,33071,0,0,1",-1],[1],0,[],[],[]],[["0,9729,9729,33071,33071,0,0,1",-1],[1],0,[],[],[]],[["0,9729,9729,33071,33071,0,0,1",-1],[1],0,[],[],[]],[[{"name":"ball","rect":[0,0,88,77],"offset":[0,0],"originalSize":[88,77],"capInsets":[0,0,0,0]}],[2],0,[0],[1],[14]],[[{"name":"bg2","rect":[1,0,1557,720],"offset":[-0.5,0],"originalSize":[1560,720],"capInsets":[0,0,0,0]}],[2],0,[0],[1],[15]],[[{"name":"default_radio_button_off","rect":[3,3,26,26],"offset":[0,0],"originalSize":[32,32],"capInsets":[0,0,0,0]}],[2],0,[0],[1],[16]],[["0,9729,9729,33071,33071,0,0,1",-1],[1],0,[],[],[]],[["0,9729,9729,33071,33071,0,0,1",-1],[1],0,[],[],[]],[[{"name":"default_editbox_bg","rect":[0,0,40,40],"offset":[0,0],"originalSize":[40,40],"capInsets":[12,12,12,12]}],[2],0,[0],[1],[17]]]]